<annotation>
	<folder>BlueBlock</folder>
	<filename>BlueBlock.e596ad15-e7ee-11ee-bd44-bc8940c1940d.jpg</filename>
	<path>C:\Users\susha\Documents\Tensorflow\workspace\images\collectedimages\BlueBlock\BlueBlock.e596ad15-e7ee-11ee-bd44-bc8940c1940d.jpg</path>
	<source>
		<database>Unknown</database>
	</source>
	<size>
		<width>640</width>
		<height>480</height>
		<depth>3</depth>
	</size>
	<segmented>0</segmented>
	<object>
		<name>BlueBlock</name>
		<pose>Unspecified</pose>
		<truncated>0</truncated>
		<difficult>0</difficult>
		<bndbox>
			<xmin>136</xmin>
			<ymin>172</ymin>
			<xmax>393</xmax>
			<ymax>429</ymax>
		</bndbox>
	</object>
</annotation>
