<annotation>
	<folder>NormalBlock</folder>
	<filename>NormalBlock.6dec9576-e7ef-11ee-a183-bc8940c1940d.jpg</filename>
	<path>C:\Users\susha\Documents\Tensorflow\workspace\images\collectedimages\NormalBlock\NormalBlock.6dec9576-e7ef-11ee-a183-bc8940c1940d.jpg</path>
	<source>
		<database>Unknown</database>
	</source>
	<size>
		<width>640</width>
		<height>480</height>
		<depth>3</depth>
	</size>
	<segmented>0</segmented>
	<object>
		<name>NormalBlock</name>
		<pose>Unspecified</pose>
		<truncated>0</truncated>
		<difficult>0</difficult>
		<bndbox>
			<xmin>268</xmin>
			<ymin>218</ymin>
			<xmax>464</xmax>
			<ymax>414</ymax>
		</bndbox>
	</object>
</annotation>
