<annotation>
	<folder>RedBlock</folder>
	<filename>RedBlock.52f92d3d-e7ec-11ee-97fe-bc8940c1940d.jpg</filename>
	<path>C:\Users\susha\Documents\Tensorflow\workspace\images\collectedimages\RedBlock\RedBlock.52f92d3d-e7ec-11ee-97fe-bc8940c1940d.jpg</path>
	<source>
		<database>Unknown</database>
	</source>
	<size>
		<width>640</width>
		<height>480</height>
		<depth>3</depth>
	</size>
	<segmented>0</segmented>
	<object>
		<name>RedBlock</name>
		<pose>Unspecified</pose>
		<truncated>0</truncated>
		<difficult>0</difficult>
		<bndbox>
			<xmin>216</xmin>
			<ymin>184</ymin>
			<xmax>371</xmax>
			<ymax>333</ymax>
		</bndbox>
	</object>
</annotation>
