<annotation>
	<folder>RedBlock</folder>
	<filename>RedBlock.91c83e76-e7eb-11ee-bbeb-bc8940c1940d.jpg</filename>
	<path>C:\Users\susha\Documents\Tensorflow\workspace\images\collectedimages\RedBlock\RedBlock.91c83e76-e7eb-11ee-bbeb-bc8940c1940d.jpg</path>
	<source>
		<database>Unknown</database>
	</source>
	<size>
		<width>640</width>
		<height>480</height>
		<depth>3</depth>
	</size>
	<segmented>0</segmented>
	<object>
		<name>RedBlock</name>
		<pose>Unspecified</pose>
		<truncated>0</truncated>
		<difficult>0</difficult>
		<bndbox>
			<xmin>323</xmin>
			<ymin>172</ymin>
			<xmax>556</xmax>
			<ymax>421</ymax>
		</bndbox>
	</object>
</annotation>
