<annotation>
	<folder>RedBlock</folder>
	<filename>RedBlock.8f5f84bb-e7eb-11ee-951f-bc8940c1940d.jpg</filename>
	<path>C:\Users\susha\Documents\Tensorflow\workspace\images\collectedimages\RedBlock\RedBlock.8f5f84bb-e7eb-11ee-951f-bc8940c1940d.jpg</path>
	<source>
		<database>Unknown</database>
	</source>
	<size>
		<width>640</width>
		<height>480</height>
		<depth>3</depth>
	</size>
	<segmented>0</segmented>
	<object>
		<name>RedBlock</name>
		<pose>Unspecified</pose>
		<truncated>0</truncated>
		<difficult>0</difficult>
		<bndbox>
			<xmin>238</xmin>
			<ymin>125</ymin>
			<xmax>402</xmax>
			<ymax>299</ymax>
		</bndbox>
	</object>
</annotation>
