<annotation>
	<folder>RedBlock</folder>
	<filename>RedBlock.a63d8689-e7eb-11ee-8188-bc8940c1940d.jpg</filename>
	<path>C:\Users\susha\Documents\Tensorflow\workspace\images\collectedimages\RedBlock\RedBlock.a63d8689-e7eb-11ee-8188-bc8940c1940d.jpg</path>
	<source>
		<database>Unknown</database>
	</source>
	<size>
		<width>640</width>
		<height>480</height>
		<depth>3</depth>
	</size>
	<segmented>0</segmented>
	<object>
		<name>RedBlock</name>
		<pose>Unspecified</pose>
		<truncated>0</truncated>
		<difficult>0</difficult>
		<bndbox>
			<xmin>184</xmin>
			<ymin>72</ymin>
			<xmax>369</xmax>
			<ymax>249</ymax>
		</bndbox>
	</object>
</annotation>
