<annotation>
	<folder>BlueBlock</folder>
	<filename>BlueBlock.54bd4944-e7a4-11ee-a8a3-bc8940c1940d.jpg</filename>
	<path>C:\Users\susha\Documents\Tensorflow\workspace\images\collectedimages\BlueBlock\BlueBlock.54bd4944-e7a4-11ee-a8a3-bc8940c1940d.jpg</path>
	<source>
		<database>Unknown</database>
	</source>
	<size>
		<width>640</width>
		<height>480</height>
		<depth>3</depth>
	</size>
	<segmented>0</segmented>
	<object>
		<name>BlueBlock</name>
		<pose>Unspecified</pose>
		<truncated>0</truncated>
		<difficult>0</difficult>
		<bndbox>
			<xmin>175</xmin>
			<ymin>165</ymin>
			<xmax>251</xmax>
			<ymax>264</ymax>
		</bndbox>
	</object>
</annotation>
