<annotation>
	<folder>BlueBlock</folder>
	<filename>BlueBlock.66c17132-e7a4-11ee-9cad-bc8940c1940d.jpg</filename>
	<path>C:\Users\susha\Documents\Tensorflow\workspace\images\collectedimages\BlueBlock\BlueBlock.66c17132-e7a4-11ee-9cad-bc8940c1940d.jpg</path>
	<source>
		<database>Unknown</database>
	</source>
	<size>
		<width>640</width>
		<height>480</height>
		<depth>3</depth>
	</size>
	<segmented>0</segmented>
	<object>
		<name>BlueBlock</name>
		<pose>Unspecified</pose>
		<truncated>0</truncated>
		<difficult>0</difficult>
		<bndbox>
			<xmin>128</xmin>
			<ymin>201</ymin>
			<xmax>221</xmax>
			<ymax>283</ymax>
		</bndbox>
	</object>
</annotation>
