<annotation>
	<folder>GreenBlock</folder>
	<filename>GreenBlock.6ecca109-e7ed-11ee-9d51-bc8940c1940d.jpg</filename>
	<path>C:\Users\susha\Documents\Tensorflow\workspace\images\collectedimages\GreenBlock\GreenBlock.6ecca109-e7ed-11ee-9d51-bc8940c1940d.jpg</path>
	<source>
		<database>Unknown</database>
	</source>
	<size>
		<width>640</width>
		<height>480</height>
		<depth>3</depth>
	</size>
	<segmented>0</segmented>
	<object>
		<name>GreenBlock</name>
		<pose>Unspecified</pose>
		<truncated>0</truncated>
		<difficult>0</difficult>
		<bndbox>
			<xmin>233</xmin>
			<ymin>137</ymin>
			<xmax>463</xmax>
			<ymax>408</ymax>
		</bndbox>
	</object>
</annotation>
