<annotation>
	<folder>GreenBlock</folder>
	<filename>GreenBlock.3c4fe28d-e7a4-11ee-a309-bc8940c1940d.jpg</filename>
	<path>C:\Users\susha\Documents\Tensorflow\workspace\images\collectedimages\GreenBlock\GreenBlock.3c4fe28d-e7a4-11ee-a309-bc8940c1940d.jpg</path>
	<source>
		<database>Unknown</database>
	</source>
	<size>
		<width>640</width>
		<height>480</height>
		<depth>3</depth>
	</size>
	<segmented>0</segmented>
	<object>
		<name>GreenBlock</name>
		<pose>Unspecified</pose>
		<truncated>0</truncated>
		<difficult>0</difficult>
		<bndbox>
			<xmin>374</xmin>
			<ymin>172</ymin>
			<xmax>458</xmax>
			<ymax>257</ymax>
		</bndbox>
	</object>
</annotation>
