<annotation>
	<folder>GreenBlock</folder>
	<filename>GreenBlock.471da38e-e7a4-11ee-9925-bc8940c1940d.jpg</filename>
	<path>C:\Users\susha\Documents\Tensorflow\workspace\images\collectedimages\GreenBlock\GreenBlock.471da38e-e7a4-11ee-9925-bc8940c1940d.jpg</path>
	<source>
		<database>Unknown</database>
	</source>
	<size>
		<width>640</width>
		<height>480</height>
		<depth>3</depth>
	</size>
	<segmented>0</segmented>
	<object>
		<name>GreenBlock</name>
		<pose>Unspecified</pose>
		<truncated>0</truncated>
		<difficult>0</difficult>
		<bndbox>
			<xmin>112</xmin>
			<ymin>162</ymin>
			<xmax>198</xmax>
			<ymax>266</ymax>
		</bndbox>
	</object>
</annotation>
