<annotation>
	<folder>GreenBlock</folder>
	<filename>GreenBlock.1aead0f0-e7ed-11ee-9d19-bc8940c1940d.jpg</filename>
	<path>C:\Users\susha\Documents\Tensorflow\workspace\images\collectedimages\GreenBlock\GreenBlock.1aead0f0-e7ed-11ee-9d19-bc8940c1940d.jpg</path>
	<source>
		<database>Unknown</database>
	</source>
	<size>
		<width>640</width>
		<height>480</height>
		<depth>3</depth>
	</size>
	<segmented>0</segmented>
	<object>
		<name>GreenBlock</name>
		<pose>Unspecified</pose>
		<truncated>0</truncated>
		<difficult>0</difficult>
		<bndbox>
			<xmin>69</xmin>
			<ymin>141</ymin>
			<xmax>218</xmax>
			<ymax>302</ymax>
		</bndbox>
	</object>
</annotation>
