<annotation>
	<folder>GreenBlock</folder>
	<filename>GreenBlock.72681eb4-e7ed-11ee-94c9-bc8940c1940d.jpg</filename>
	<path>C:\Users\susha\Documents\Tensorflow\workspace\images\collectedimages\GreenBlock\GreenBlock.72681eb4-e7ed-11ee-94c9-bc8940c1940d.jpg</path>
	<source>
		<database>Unknown</database>
	</source>
	<size>
		<width>640</width>
		<height>480</height>
		<depth>3</depth>
	</size>
	<segmented>0</segmented>
	<object>
		<name>GreenBlock</name>
		<pose>Unspecified</pose>
		<truncated>1</truncated>
		<difficult>0</difficult>
		<bndbox>
			<xmin>148</xmin>
			<ymin>251</ymin>
			<xmax>348</xmax>
			<ymax>480</ymax>
		</bndbox>
	</object>
</annotation>
