<annotation>
	<folder>NormalBlock</folder>
	<filename>NormalBlock.7b9776da-e7a4-11ee-af6b-bc8940c1940d.jpg</filename>
	<path>C:\Users\susha\Documents\Tensorflow\workspace\images\collectedimages\NormalBlock\NormalBlock.7b9776da-e7a4-11ee-af6b-bc8940c1940d.jpg</path>
	<source>
		<database>Unknown</database>
	</source>
	<size>
		<width>640</width>
		<height>480</height>
		<depth>3</depth>
	</size>
	<segmented>0</segmented>
	<object>
		<name>NormalBlock</name>
		<pose>Unspecified</pose>
		<truncated>0</truncated>
		<difficult>0</difficult>
		<bndbox>
			<xmin>380</xmin>
			<ymin>249</ymin>
			<xmax>467</xmax>
			<ymax>335</ymax>
		</bndbox>
	</object>
</annotation>
