<annotation>
	<folder>NormalBlock</folder>
	<filename>NormalBlock.76cd4b71-e7a4-11ee-806a-bc8940c1940d.jpg</filename>
	<path>C:\Users\susha\Documents\Tensorflow\workspace\images\collectedimages\NormalBlock\NormalBlock.76cd4b71-e7a4-11ee-806a-bc8940c1940d.jpg</path>
	<source>
		<database>Unknown</database>
	</source>
	<size>
		<width>640</width>
		<height>480</height>
		<depth>3</depth>
	</size>
	<segmented>0</segmented>
	<object>
		<name>NormalBlock</name>
		<pose>Unspecified</pose>
		<truncated>0</truncated>
		<difficult>0</difficult>
		<bndbox>
			<xmin>279</xmin>
			<ymin>155</ymin>
			<xmax>385</xmax>
			<ymax>267</ymax>
		</bndbox>
	</object>
</annotation>
