<annotation>
	<folder>NormalBlock</folder>
	<filename>NormalBlock.7dfda6e6-e7a4-11ee-b93d-bc8940c1940d.jpg</filename>
	<path>C:\Users\susha\Documents\Tensorflow\workspace\images\collectedimages\NormalBlock\NormalBlock.7dfda6e6-e7a4-11ee-b93d-bc8940c1940d.jpg</path>
	<source>
		<database>Unknown</database>
	</source>
	<size>
		<width>640</width>
		<height>480</height>
		<depth>3</depth>
	</size>
	<segmented>0</segmented>
	<object>
		<name>NormalBlock</name>
		<pose>Unspecified</pose>
		<truncated>0</truncated>
		<difficult>0</difficult>
		<bndbox>
			<xmin>362</xmin>
			<ymin>250</ymin>
			<xmax>453</xmax>
			<ymax>333</ymax>
		</bndbox>
	</object>
</annotation>
