<annotation>
	<folder>RedBlock</folder>
	<filename>RedBlock.d59508d6-e7ec-11ee-a077-bc8940c1940d.jpg</filename>
	<path>C:\Users\susha\Documents\Tensorflow\workspace\images\collectedimages\RedBlock\RedBlock.d59508d6-e7ec-11ee-a077-bc8940c1940d.jpg</path>
	<source>
		<database>Unknown</database>
	</source>
	<size>
		<width>640</width>
		<height>480</height>
		<depth>3</depth>
	</size>
	<segmented>0</segmented>
	<object>
		<name>RedBlock</name>
		<pose>Unspecified</pose>
		<truncated>0</truncated>
		<difficult>0</difficult>
		<bndbox>
			<xmin>277</xmin>
			<ymin>154</ymin>
			<xmax>427</xmax>
			<ymax>329</ymax>
		</bndbox>
	</object>
</annotation>
