<annotation>
	<folder>RedBlock</folder>
	<filename>RedBlock.a5085538-e7eb-11ee-8359-bc8940c1940d.jpg</filename>
	<path>C:\Users\susha\Documents\Tensorflow\workspace\images\collectedimages\RedBlock\RedBlock.a5085538-e7eb-11ee-8359-bc8940c1940d.jpg</path>
	<source>
		<database>Unknown</database>
	</source>
	<size>
		<width>640</width>
		<height>480</height>
		<depth>3</depth>
	</size>
	<segmented>0</segmented>
	<object>
		<name>RedBlock</name>
		<pose>Unspecified</pose>
		<truncated>0</truncated>
		<difficult>0</difficult>
		<bndbox>
			<xmin>190</xmin>
			<ymin>60</ymin>
			<xmax>385</xmax>
			<ymax>243</ymax>
		</bndbox>
	</object>
</annotation>
