<annotation>
	<folder>RedBlock</folder>
	<filename>RedBlock.23ce0bf5-e7a4-11ee-9013-bc8940c1940d.jpg</filename>
	<path>C:\Users\susha\Documents\Tensorflow\workspace\images\collectedimages\RedBlock\RedBlock.23ce0bf5-e7a4-11ee-9013-bc8940c1940d.jpg</path>
	<source>
		<database>Unknown</database>
	</source>
	<size>
		<width>640</width>
		<height>480</height>
		<depth>3</depth>
	</size>
	<segmented>0</segmented>
	<object>
		<name>RedBlock</name>
		<pose>Unspecified</pose>
		<truncated>0</truncated>
		<difficult>0</difficult>
		<bndbox>
			<xmin>457</xmin>
			<ymin>117</ymin>
			<xmax>556</xmax>
			<ymax>209</ymax>
		</bndbox>
	</object>
</annotation>
